1;ArialNarrowFont
2;VerdanaFontBold
3;VerdanaFont
4;Myriad Web
7;patrickSimon
10;Iggy
12;captionStrip
14;inset
16;mask
19;Asa
20;List_2
21;DataGrid_ListRender_2
22;DataGrid_DefaultRender
23;DataGrid_2
26;VaramamataK
29;VijayanandaR
32;JanakiL
35;JodyBleyle
38;AmarendraE
41;YogeshC
44;WesM
47;Woojin
50;Tom
53;Tim
56;Suzanne
59;Sumedha
62;StephenC
65;Srinivas
68;Srikanth
71;SandraN
74;Rudresh
77;Ramesh
80;Pritham
83;Osip
86;Jody
89;Ed
92;Bhavani
95;Anirudh
96;Abhinav
98;icon_servers_gc
100;icon_servers_delete
102;icon_servers_garbage
103;TextArea
106;Seperator
107;pauseBound
110;LoadClip
111;LoadClip_small
112;ConnectionsChart
114;so_ico_number
115;SharedObjects_Tree_Render
116;StreamPlayer_SeekBar
118;StreamPlayer_pick
120;StreamPlayer_pb
125;ConnectionLight
126;ToolTip
127;Form_singleton
132;Flashcom_logo
134;head_text_old
135;ServerDetails
136;BandwidthChart
137;Form_ServerPromt
138;Form_ClusterPromt
139;ComboClustersTree
140;ClustersTree
141;StatusBars
142;LineChart
143;DataGrid
144;Tree
145;TextInput
146;ScrollPane
147;ScrollBar
148;RadioButton
149;ProgressBar
150;List
151;ComboBox
152;CheckBox
153;TabButton
154;TabSet
155;Label
156;Menu
157;Button
158;Users_Container
159;Form_ResetPassword
160;Form_NewUser
161;Form_DeleteUser
164;icon_userAdmin
166;icon_userAppDev
168;icon_delete
170;userServerTreeHeaderBackground
171;Servers_Container
172;panel_Servers_Log
173;panel_Servers_License
174;panel_Servers_Details
175;panel_Servers_Clients
176;panel_Servers_Applications
177;Form_newServer
178;Form_newCluster
179;Form_DeleteServer
180;Form_DeleteCluster
182;icon_servers_stop
184;icon_servers_lightning
186;icon_servers_reloadRestart
188;icon_servers_ping
190;icon_connect
192;icon_addNewServer
194;icon_addNewCluster
195;Login_Container
196;Login_LinkList
197;Login_HeadBox
198;Login_Form
200;Login_BFill
201;Login_BaseBox
203;Login_linkArrow
205;Login_ico3
207;Login_ico2
209;Login_ico1
211;Login_g3
213;Login_g2
215;Login_g1
218;G3_ico
221;G2_ico
224;G1_ico
227;Login_GroupBtn_States
228;Login_GroupBtn
231;graphic_welcomeBG
232;panel_holder
233;Common_Header
234;Time_render
235;StreamPlayer
237;StreamPlayer_Video
238;StreamPlayer_ControlBar
245;StreamPlayer_b3
249;StreamPlayer_b2
258;StreamPlayer_b1
260;StreamPlayer_S3
262;StreamPlayer_S2
264;StreamPlayer_S1
266;so_ico_string
268;so_ico_object
270;so_ico_boolean
272;icon_stream
273;Description_render
274;Apps_Streams
275;Apps_SharedObjects
276;Apps_Performance
277;Apps_Live_Log
278;Apps_Clients
279;Stream_DG_Render
280;Apps_DG_render
281;Apps_Container
282;ServerLog
283;AppsPerformance
284;AppsLog
285;DataCollector
286;treeNode
289;TreeExpand
290;Tree_DefaultRender
292;icon_list_vHost
294;icon_list_Server_connected
296;icon_list_ServerStopped
299;icon_list_Server_unconnected
302;icon_list_Server_Error
304;icon_list_edgeServer
306;icon_List_Cluster
310;TabButton_top_right_center
315;TabButton_top_right
319;TabButton_top_left_center
323;TabButton_top_left
327;TabButton_top_bar
331;TabButton_right_bar
335;TabButton_lower_right_center
339;TabButton_lower_right
343;TabButton_lower_left_center
347;TabButton_lower_left
352;TabButton_lower_bar
356;TabButton_left_bar
360;TabButton_body
361;ScrollBarThumb
365;ScrollBar_Track
367;ScrollBar_Thumb_Bars
373;ScrollBar_VUp
377;ScrollBar_VDown
382;ScrollBar_Thumb_Head
387;ScrollBar_Thumb_Body
392;ScrollBar_Thumb_Base
393;BasicScrollBar
395;RadioButton_Fill
397;RadioButton_Base
398;Menu_CheckRender
400;blackCheck
401;userListRender
402;ExpandRender
403;defaultListRender
404;List_spacer
407;List_HighLight
408;ExpandRenderDataHolder
409;lineManager
411;LineChart_checkIco
414;DataSortArrow
418;DataGrid_Over
419;DataGrid_ListRender
420;DataGrid_Header
421;DataGrid_HB
422;DataGrid_Dragger
424;cursorStretch
427;ComboBox_Arrow_p2
428;ComboBox_Arrow
430;CheckBox_Over
432;CheckBox_Base
436;Button_top_right
441;Button_top_left
445;Button_top_bar
449;Button_right_bar
453;Button_lower_right
457;Button_lower_left
461;Button_lower_bar
465;Button_left_bar
469;Button_body
471;TrayButton_Over
472;TrayButton
473;Tray
474;ShadowBox
476;SB_S3
478;SB_S2
480;SB_S1
482;SB_O7
484;SB_O6
486;SB_O5
488;SB_O4
490;SB_O3
492;SB_O2
494;SB_O1
496;SB_7
498;SB_6
500;SB_5
502;SB_4
504;SB_3
506;SB_2
508;SB_1
509;NumericNavigator
510;InfoBox
511;Form_revert
512;Form_pauseRefresh
513;infoAlert
517;infoClose
519;info_ico
522;errorClose
524;error_ico
526;closeBtn
527;errorAlert
528;alertManager
529;adminHead
531;admin_bg_grad
532;admin.stage
533;Form_RestartServer
534;Form_StopServer
536;icon_servers_edit
537;Description_render_server
539;so_ico_function
540;so_ico_undefined
541;so_ico_null
543;login_trayBtn_over2
545;login_trayBtn_over
546;Form_RestartVHost
547;Form_StopVHost
548;admin.aboutDialog
551;slavik
554;ChrisH
557;Rob
560;Janice
563;groupDev
566;AndrewD
569;Calise
572;KevinS
575;Jiyoung
578;Sachin
581;ScottMorgan
584;Viraj
587;vijayK
590;groupQE
593;thiruS
596;stephanieG
599;sarge
602;sachinS
605;puneetA
608;pankaj
611;NamitA
614;paarijaat
617;nirajG
620;nikkilPK
623;moinullahA
626;mohitS
629;kevTowes
632;kevinLind
635;hemantJ
638;ShimulR
641;glennE
644;dhanjahK
647;bradO
650;andrewB
653;danielChay
657;head_text
659;console_logo
662;darrenM
665;jessicaF
668;russellA
671;erikV
674;diptiK
677;desireeM
678;__Packages.UI.core.movieclip
679;__Packages.UI.controls.UIDataGrid.DataGrid_ListRender_2
680;__Packages.UI.controls.UIDataGrid.DataGrid_DefaultRender
681;__Packages.UI.core.events
682;__Packages.UI.core.focusManager
683;__Packages.UI.core.tabManager
684;__Packages.UI.controls.DataGrid_2
685;__Packages.UI.controls.TextArea
686;__Packages.admin.general.pauseBound
687;__Packages.admin.general.ConnectionsChart
688;__Packages.admin.Panels.Application.SharedObjects_Tree_Render
689;__Packages.admin.Panels.Application.Panels.PStreams.UIStreamPlayer.SeekBar
690;__Packages.UI.controls.ToolTip
691;__Packages.UI.core.Form
692;__Packages.admin.Forms.Form_singleton
693;__Packages.UI.data.dataProfile
694;__Packages.UI.data.profiles.ServerDetails
695;__Packages.admin.general.BandwidthChart
696;__Packages.admin.Forms.Form_ServerPromt
697;__Packages.admin.Forms.Form_ClusterPromt
698;__Packages.UI.controls.ComboClustersTree
699;__Packages.mx.transitions.OnEnterFrameBeacon
700;__Packages.mx.transitions.BroadcasterMX
701;__Packages.mx.transitions.Tween
702;__Packages.mx.transitions.easing.Regular
703;__Packages.UI.controls.ClustersTree
704;__Packages.UI.controls.StatusBars
705;__Packages.UI.controls.LineChart
706;__Packages.UI.controls.DataGrid
707;__Packages.UI.controls.Tree
708;__Packages.UI.controls.TextInput
709;__Packages.UI.controls.ScrollPane
710;__Packages.UI.controls.ScrollBar
711;__Packages.UI.controls.RadioButton
712;__Packages.UI.controls.ProgressBar
713;__Packages.UI.controls.List
714;__Packages.UI.controls.ComboBox
715;__Packages.mx.transitions.easing.Strong
716;__Packages.UI.controls.CheckBox
717;__Packages.UI.controls.TabButton
718;__Packages.UI.controls.TabSet
719;__Packages.UI.controls.Label
720;__Packages.UI.controls.Menu
721;__Packages.UI.controls.Button
722;__Packages.admin.panel
723;__Packages.admin.Panels.Users.Container
724;__Packages.admin.panel_holder
725;__Packages.admin.Panels.Users.Form_ResetPassword
726;__Packages.admin.Panels.Users.Form_NewUser
727;__Packages.admin.Panels.Users.Form_DeleteUser
728;__Packages.admin.Panels.Servers.Container
729;__Packages.admin.Panels.Servers.Panels.Log
730;__Packages.admin.Panels.Application.Panels.SearchObject
731;__Packages.admin.Panels.Servers.Panels.License
732;__Packages.admin.Panels.Servers.Panels.Details
733;__Packages.admin.Panels.Servers.Panels.Clients
734;__Packages.admin.Panels.Servers.Panels.Applications
735;__Packages.admin.Panels.Servers.Forms.Form_newServer
736;__Packages.admin.Panels.Servers.Forms.Form_newCluster
737;__Packages.admin.Panels.Servers.Forms.Form_DeleteServer
738;__Packages.admin.Panels.Servers.Forms.Form_DeleteCluster
739;__Packages.admin.Panels.Login.Container
740;__Packages.admin.Panels.Login.Login_LinkList
741;__Packages.admin.Panels.Login.Login_HeadBox
742;__Packages.admin.Panels.Login.Login_Form
743;__Packages.admin.Panels.Login.Login_BaseBox
744;__Packages.admin.consoleVersion
745;__Packages.admin.Panels.Login.Login_GroupBtn
746;__Packages.admin.general.Common_Header
747;__Packages.admin.Panels.Application.Panels.PLog.Time_render
748;__Packages.admin.Panels.Application.Panels.PStreams.StreamPlayer
749;__Packages.admin.Panels.Application.Panels.PStreams.UIStreamPlayer.ControlBar
750;__Packages.admin.Panels.Application.Panels.PLog.Description_render
751;__Packages.admin.Panels.Application.Panels.Streams
752;__Packages.admin.general.DataCompare
753;__Packages.admin.Panels.Application.Panels.SharedObjects
754;__Packages.admin.Panels.Application.Panels.Performance
755;__Packages.admin.Panels.Application.Panels.Log
756;__Packages.admin.Panels.Application.Panels.Clients
757;__Packages.admin.Panels.Application.Stream_DG_Render
758;__Packages.admin.Panels.Application.DG_render
759;__Packages.admin.Panels.Application.Container
760;__Packages.UI.data.profiles.ServerLog
761;__Packages.UI.data.profiles.AppsPerformance
762;__Packages.UI.data.profiles.AppsLog
763;__Packages.UI.data.dataCollector
764;__Packages.UI.controls.UITree.treeNode
765;__Packages.UI.controls.UITree.Tree_DefaultRender
766;__Packages.UI.controls.UIScrollBar.ScrollBarThumb
767;__Packages.UI.controls.UIScrollBar.BasicScrollBar
768;__Packages.UI.controls.UIMenu.Menu_CheckRender
769;__Packages.UI.controls.UIList.userListRender
770;__Packages.UI.controls.UIList.ExpandRender
771;__Packages.UI.controls.UIList.defaultListRender
772;__Packages.UI.controls.UIList.List_spacer
773;__Packages.UI.controls.UIList.ExpandRenderDataHolder
774;__Packages.UI.controls.UILineChart.lineManager
775;__Packages.UI.controls.UIDataGrid.DataGrid_ListRender
776;__Packages.UI.controls.UIDataGrid.DataGrid_Header
777;__Packages.UI.controls.UIDataGrid.DataGrid_HB
778;__Packages.UI.controls.UIDataGrid.DataGrid_Dragger
779;__Packages.admin.general.TrayButton
780;__Packages.admin.general.Tray
781;__Packages.UI.general.ShadowBox
782;__Packages.admin.general.NumericNavigator
783;__Packages.admin.general.InfoBox
784;__Packages.admin.Forms.Form_revert
785;__Packages.admin.Forms.Form_pauseRefresh
786;__Packages.admin.general.infoAlert
787;__Packages.admin.general.errorAlert
788;__Packages.admin.alertManager
789;__Packages.admin.adminHead
790;__Packages.admin.stage
791;__Packages.admin.general.FCSEngine
792;__Packages.admin.general.connection
793;__Packages.admin.general.clusterManager
794;__Packages.admin.general.Cache
795;__Packages.admin.general.FCSContext
796;__Packages.admin.general.clusterObjects.trueConnection
797;__Packages.admin.general.debugConnection
798;__Packages.admin.general.ResizeManager
799;__Packages.admin.manager
800;__Packages.admin.formManager
801;__Packages.admin.Panels.Servers.Forms.Form_RestartServer
802;__Packages.admin.Panels.Servers.Forms.Form_StopServer
803;__Packages.admin.Panels.Application.Panels.PLog.Description_render_server
804;__Packages.admin.Panels.Servers.Forms.Form_RestartVHost
805;__Packages.admin.Panels.Servers.Forms.Form_StopVHost
806;__Packages.admin.aboutDialog
807;__Packages.UI.controls.List_2
