5;15
6;empty
35;tileBtn
37;rope
39;monacle
40;monacleItem
39;monacle
74;guardA
109;womanA
135;manB
169;corona
200;womanMerchant
227;craftsman
253;blacksmith
275;manC
296;guardian
319;guardB
338;guardD
362;officier
383;chamberlain
408;igneous
429;guardC
466;invectidCommander
506;invectidWarrior
533;invectidSoldier
543;venus
553;hortala
562;flame
588;childB
610;childA
640;sparkle
666;woodsman
685;chompede
688;spiderItem
718;healer
732;pinchpounce
744;assassinBee
754;punchHopper
773;manA
791;manD
801;bat
815;smallNastyTat
823;buzzbit
824;greatNastyTat
836;chiggerwigz
844;invectidFlying
852;spinedKrail
892;beerain
926;aquine
954;buguese
978;stag
1006;grasshop
1034;dungobeet
1063;lument
1091;magma
1102;farmerA
1120;farmerB
1143;WomanB
1167;womanC
1172;guardF
1177;guardE
1185;brutus
1198;merchantB
1221;childC
1229;invectidDarkFlying
1239;hopfopper
1247;pinchmite
1279;gasplash
1307;talonpole
1317;schoolWeewogs
1332;monk
1345;invectidDriver
1369;invectidStagSoldier
1387;shumdigger
1395;clampray
1397;wood
1427;invectidTrooper
1455;sector
1457;stone4
1459;stone2
1461;stone1
1463;stone3
1465;wheat
1467;stars
1469;flag
1471;machine2
1473;machine3
1475;machine4
1486;machine1
1471;machine2
1473;machine3
1521;cathy
1536;invectidChampion
1486;machine1
1471;machine2
1473;machine3
1475;machine4
1538;objInvectid
1552;poisonousFlower
1553;objHuman
1560;ballOfLight
1561;lumens_head
1579;aquineMonster
1593;bugueseMonster
1625;scarab
1629;purple_flower
1641;statu
1644;16
6;empty
35;tileBtn
37;rope
40;monacleItem
39;monacle
74;guardA
109;womanA
135;manB
169;corona
200;womanMerchant
227;craftsman
253;blacksmith
275;manC
296;guardian
319;guardB
338;guardD
362;officier
383;chamberlain
408;igneous
429;guardC
466;invectidCommander
506;invectidWarrior
533;invectidSoldier
543;venus
553;hortala
562;flame
588;childB
610;childA
640;sparkle
666;woodsman
685;chompede
688;spiderItem
718;healer
732;pinchpounce
744;assassinBee
754;punchHopper
773;manA
791;manD
801;bat
815;smallNastyTat
823;buzzbit
824;greatNastyTat
836;chiggerwigz
844;invectidFlying
852;spinedKrail
892;beerain
926;aquine
954;buguese
978;stag
1006;grasshop
1034;dungobeet
1063;lument
1091;magma
1102;farmerA
1120;farmerB
1143;WomanB
1167;womanC
1172;guardF
1177;guardE
1185;brutus
1198;merchantB
1221;childC
1229;invectidDarkFlying
1239;hopfopper
1247;pinchmite
1279;gasplash
1307;talonpole
1317;schoolWeewogs
1332;monk
1345;invectidDriver
1369;invectidStagSoldier
1387;shumdigger
1395;clampray
1397;wood
1427;invectidTrooper
1455;sector
1457;stone4
1459;stone2
1461;stone1
1463;stone3
1465;wheat
1467;stars
1469;flag
1471;machine2
1473;machine3
1475;machine4
1486;machine1
1471;machine2
1473;machine3
1521;cathy
1536;invectidChampion
1538;objInvectid
1552;poisonousFlower
1553;objHuman
1560;ballOfLight
1561;lumens_head
1579;aquineMonster
1593;bugueseMonster
1625;scarab
1629;purple_flower
1641;statu
1647;69
6;empty
35;tileBtn
37;rope
40;monacleItem
39;monacle
74;guardA
109;womanA
135;manB
169;corona
200;womanMerchant
227;craftsman
253;blacksmith
275;manC
296;guardian
319;guardB
338;guardD
362;officier
383;chamberlain
408;igneous
429;guardC
466;invectidCommander
506;invectidWarrior
533;invectidSoldier
543;venus
553;hortala
562;flame
588;childB
610;childA
640;sparkle
666;woodsman
685;chompede
688;spiderItem
718;healer
732;pinchpounce
744;assassinBee
754;punchHopper
773;manA
791;manD
801;bat
815;smallNastyTat
823;buzzbit
824;greatNastyTat
836;chiggerwigz
844;invectidFlying
852;spinedKrail
892;beerain
926;aquine
954;buguese
978;stag
1006;grasshop
1034;dungobeet
1063;lument
1091;magma
1102;farmerA
1120;farmerB
1143;WomanB
1167;womanC
1172;guardF
1177;guardE
1185;brutus
1198;merchantB
1221;childC
1229;invectidDarkFlying
1239;hopfopper
1247;pinchmite
1279;gasplash
1307;talonpole
1317;schoolWeewogs
1332;monk
1345;invectidDriver
1369;invectidStagSoldier
1387;shumdigger
1395;clampray
1397;wood
1427;invectidTrooper
1455;sector
1457;stone4
1459;stone2
1461;stone1
1463;stone3
1465;wheat
1467;stars
1469;flag
1471;machine2
1473;machine3
1475;machine4
1486;machine1
1471;machine2
1473;machine3
1521;cathy
1536;invectidChampion
1538;objInvectid
1552;poisonousFlower
1553;objHuman
1560;ballOfLight
1561;lumens_head
1579;aquineMonster
1593;bugueseMonster
1625;scarab
1629;purple_flower
1641;statu
1650;70
1653;71
1656;72
1659;73
1662;74
1665;75
1668;76
6;empty
35;tileBtn
37;rope
40;monacleItem
39;monacle
74;guardA
109;womanA
135;manB
169;corona
200;womanMerchant
227;craftsman
253;blacksmith
275;manC
296;guardian
319;guardB
338;guardD
362;officier
383;chamberlain
408;igneous
429;guardC
466;invectidCommander
506;invectidWarrior
533;invectidSoldier
543;venus
553;hortala
562;flame
588;childB
610;childA
640;sparkle
666;woodsman
685;chompede
688;spiderItem
718;healer
732;pinchpounce
744;assassinBee
754;punchHopper
773;manA
791;manD
801;bat
815;smallNastyTat
823;buzzbit
824;greatNastyTat
836;chiggerwigz
844;invectidFlying
852;spinedKrail
892;beerain
926;aquine
954;buguese
978;stag
1006;grasshop
1034;dungobeet
1063;lument
1091;magma
1102;farmerA
1120;farmerB
1143;WomanB
1167;womanC
1172;guardF
1177;guardE
1185;brutus
1198;merchantB
1221;childC
1229;invectidDarkFlying
1239;hopfopper
1247;pinchmite
1279;gasplash
1307;talonpole
1317;schoolWeewogs
1332;monk
1345;invectidDriver
1369;invectidStagSoldier
1387;shumdigger
1395;clampray
1397;wood
1427;invectidTrooper
1455;sector
1457;stone4
1459;stone2
1461;stone1
1463;stone3
1465;wheat
1467;stars
1469;flag
1471;machine2
1473;machine3
1475;machine4
1486;machine1
1471;machine2
1473;machine3
1521;cathy
1536;invectidChampion
1538;objInvectid
1552;poisonousFlower
1553;objHuman
1560;ballOfLight
1561;lumens_head
1579;aquineMonster
1593;bugueseMonster
1625;scarab
1629;purple_flower
1641;statu
1671;77
6;empty
35;tileBtn
37;rope
40;monacleItem
39;monacle
74;guardA
109;womanA
135;manB
169;corona
200;womanMerchant
227;craftsman
253;blacksmith
275;manC
296;guardian
319;guardB
338;guardD
362;officier
383;chamberlain
408;igneous
429;guardC
466;invectidCommander
506;invectidWarrior
533;invectidSoldier
543;venus
553;hortala
562;flame
588;childB
610;childA
640;sparkle
666;woodsman
685;chompede
688;spiderItem
718;healer
732;pinchpounce
744;assassinBee
754;punchHopper
773;manA
791;manD
801;bat
815;smallNastyTat
823;buzzbit
824;greatNastyTat
836;chiggerwigz
844;invectidFlying
852;spinedKrail
892;beerain
926;aquine
954;buguese
978;stag
1006;grasshop
1034;dungobeet
1063;lument
1091;magma
1102;farmerA
1120;farmerB
1143;WomanB
1167;womanC
1172;guardF
1177;guardE
1185;brutus
1198;merchantB
1221;childC
1229;invectidDarkFlying
1239;hopfopper
1247;pinchmite
1279;gasplash
1307;talonpole
1317;schoolWeewogs
1332;monk
1345;invectidDriver
1369;invectidStagSoldier
1387;shumdigger
1395;clampray
1397;wood
1427;invectidTrooper
1455;sector
1457;stone4
1459;stone2
1461;stone1
1463;stone3
1465;wheat
1467;stars
1469;flag
1471;machine2
1473;machine3
1475;machine4
1486;machine1
1471;machine2
1473;machine3
1521;cathy
1536;invectidChampion
1538;objInvectid
1552;poisonousFlower
1553;objHuman
1560;ballOfLight
1561;lumens_head
1579;aquineMonster
1593;bugueseMonster
1625;scarab
1629;purple_flower
1641;statu
1674;78
6;empty
35;tileBtn
37;rope
40;monacleItem
39;monacle
74;guardA
109;womanA
135;manB
169;corona
200;womanMerchant
227;craftsman
253;blacksmith
275;manC
296;guardian
319;guardB
338;guardD
362;officier
383;chamberlain
408;igneous
429;guardC
466;invectidCommander
506;invectidWarrior
533;invectidSoldier
543;venus
553;hortala
562;flame
588;childB
610;childA
640;sparkle
666;woodsman
685;chompede
688;spiderItem
718;healer
732;pinchpounce
744;assassinBee
754;punchHopper
773;manA
791;manD
801;bat
815;smallNastyTat
823;buzzbit
824;greatNastyTat
836;chiggerwigz
844;invectidFlying
852;spinedKrail
892;beerain
926;aquine
954;buguese
978;stag
1006;grasshop
1034;dungobeet
1063;lument
1091;magma
1102;farmerA
1120;farmerB
1143;WomanB
1167;womanC
1172;guardF
1177;guardE
1185;brutus
1198;merchantB
1221;childC
1229;invectidDarkFlying
1239;hopfopper
1247;pinchmite
1279;gasplash
1307;talonpole
1317;schoolWeewogs
1332;monk
1345;invectidDriver
1369;invectidStagSoldier
1387;shumdigger
1395;clampray
1397;wood
1427;invectidTrooper
1455;sector
1457;stone4
1459;stone2
1461;stone1
1463;stone3
1465;wheat
1467;stars
1469;flag
1471;machine2
1473;machine3
1475;machine4
1486;machine1
1471;machine2
1473;machine3
1521;cathy
1536;invectidChampion
1538;objInvectid
1552;poisonousFlower
1553;objHuman
1560;ballOfLight
1561;lumens_head
1579;aquineMonster
1593;bugueseMonster
1625;scarab
1629;purple_flower
1641;statu
1677;79
6;empty
35;tileBtn
37;rope
40;monacleItem
39;monacle
74;guardA
109;womanA
135;manB
169;corona
200;womanMerchant
227;craftsman
253;blacksmith
275;manC
296;guardian
319;guardB
338;guardD
362;officier
383;chamberlain
408;igneous
429;guardC
466;invectidCommander
506;invectidWarrior
533;invectidSoldier
543;venus
553;hortala
562;flame
588;childB
610;childA
640;sparkle
666;woodsman
685;chompede
688;spiderItem
718;healer
732;pinchpounce
744;assassinBee
754;punchHopper
773;manA
791;manD
801;bat
815;smallNastyTat
823;buzzbit
824;greatNastyTat
836;chiggerwigz
844;invectidFlying
852;spinedKrail
892;beerain
926;aquine
954;buguese
978;stag
1006;grasshop
1034;dungobeet
1063;lument
1091;magma
1102;farmerA
1120;farmerB
1143;WomanB
1167;womanC
1172;guardF
1177;guardE
1185;brutus
1198;merchantB
1221;childC
1229;invectidDarkFlying
1239;hopfopper
1247;pinchmite
1279;gasplash
1307;talonpole
1317;schoolWeewogs
1332;monk
1345;invectidDriver
1369;invectidStagSoldier
1387;shumdigger
1395;clampray
1397;wood
1427;invectidTrooper
1455;sector
1457;stone4
1459;stone2
1461;stone1
1463;stone3
1465;wheat
1467;stars
1469;flag
1471;machine2
1473;machine3
1475;machine4
1486;machine1
1471;machine2
1473;machine3
1521;cathy
1536;invectidChampion
1538;objInvectid
1552;poisonousFlower
1553;objHuman
1560;ballOfLight
1561;lumens_head
1579;aquineMonster
1593;bugueseMonster
1625;scarab
1629;purple_flower
1641;statu
1680;80
6;empty
35;tileBtn
37;rope
40;monacleItem
39;monacle
74;guardA
109;womanA
135;manB
169;corona
200;womanMerchant
227;craftsman
253;blacksmith
275;manC
296;guardian
319;guardB
338;guardD
362;officier
383;chamberlain
408;igneous
429;guardC
466;invectidCommander
506;invectidWarrior
533;invectidSoldier
543;venus
553;hortala
562;flame
588;childB
610;childA
640;sparkle
666;woodsman
685;chompede
688;spiderItem
718;healer
732;pinchpounce
744;assassinBee
754;punchHopper
773;manA
791;manD
801;bat
815;smallNastyTat
823;buzzbit
824;greatNastyTat
836;chiggerwigz
844;invectidFlying
852;spinedKrail
892;beerain
926;aquine
954;buguese
978;stag
1006;grasshop
1034;dungobeet
1063;lument
1091;magma
1102;farmerA
1120;farmerB
1143;WomanB
1167;womanC
1172;guardF
1177;guardE
1185;brutus
1198;merchantB
1221;childC
1229;invectidDarkFlying
1239;hopfopper
1247;pinchmite
1279;gasplash
1307;talonpole
1317;schoolWeewogs
1332;monk
1345;invectidDriver
1369;invectidStagSoldier
1387;shumdigger
1395;clampray
1397;wood
1427;invectidTrooper
1455;sector
1457;stone4
1459;stone2
1461;stone1
1463;stone3
1465;wheat
1467;stars
1469;flag
1471;machine2
1473;machine3
1475;machine4
1486;machine1
1471;machine2
1473;machine3
1521;cathy
1536;invectidChampion
1538;objInvectid
1552;poisonousFlower
1553;objHuman
1560;ballOfLight
1561;lumens_head
1579;aquineMonster
1593;bugueseMonster
1625;scarab
1629;purple_flower
1641;statu
1683;81
1686;82
1689;83
1692;84
6;empty
35;tileBtn
37;rope
40;monacleItem
39;monacle
74;guardA
109;womanA
135;manB
169;corona
200;womanMerchant
227;craftsman
253;blacksmith
275;manC
296;guardian
319;guardB
338;guardD
362;officier
383;chamberlain
408;igneous
429;guardC
466;invectidCommander
506;invectidWarrior
533;invectidSoldier
543;venus
553;hortala
562;flame
588;childB
610;childA
640;sparkle
666;woodsman
685;chompede
688;spiderItem
718;healer
732;pinchpounce
744;assassinBee
754;punchHopper
773;manA
791;manD
801;bat
815;smallNastyTat
823;buzzbit
824;greatNastyTat
836;chiggerwigz
844;invectidFlying
852;spinedKrail
892;beerain
926;aquine
954;buguese
978;stag
1006;grasshop
1034;dungobeet
1063;lument
1091;magma
1102;farmerA
1120;farmerB
1143;WomanB
1167;womanC
1172;guardF
1177;guardE
1185;brutus
1198;merchantB
1221;childC
1229;invectidDarkFlying
1239;hopfopper
1247;pinchmite
1279;gasplash
1307;talonpole
1317;schoolWeewogs
1332;monk
1345;invectidDriver
1369;invectidStagSoldier
1387;shumdigger
1395;clampray
1397;wood
1427;invectidTrooper
1455;sector
1457;stone4
1459;stone2
1461;stone1
1463;stone3
1465;wheat
1467;stars
1469;flag
1471;machine2
1473;machine3
1475;machine4
1486;machine1
1471;machine2
1473;machine3
1521;cathy
1536;invectidChampion
1538;objInvectid
1552;poisonousFlower
1553;objHuman
1560;ballOfLight
1561;lumens_head
1579;aquineMonster
1593;bugueseMonster
1625;scarab
1629;purple_flower
1641;statu
1695;85
6;empty
35;tileBtn
37;rope
40;monacleItem
39;monacle
74;guardA
109;womanA
135;manB
169;corona
200;womanMerchant
227;craftsman
253;blacksmith
275;manC
296;guardian
319;guardB
338;guardD
362;officier
383;chamberlain
408;igneous
429;guardC
466;invectidCommander
506;invectidWarrior
533;invectidSoldier
543;venus
553;hortala
562;flame
588;childB
610;childA
640;sparkle
666;woodsman
685;chompede
688;spiderItem
718;healer
732;pinchpounce
744;assassinBee
754;punchHopper
773;manA
791;manD
801;bat
815;smallNastyTat
823;buzzbit
824;greatNastyTat
836;chiggerwigz
844;invectidFlying
852;spinedKrail
892;beerain
926;aquine
954;buguese
978;stag
1006;grasshop
1034;dungobeet
1063;lument
1091;magma
1102;farmerA
1120;farmerB
1143;WomanB
1167;womanC
1172;guardF
1177;guardE
1185;brutus
1198;merchantB
1221;childC
1229;invectidDarkFlying
1239;hopfopper
1247;pinchmite
1279;gasplash
1307;talonpole
1317;schoolWeewogs
1332;monk
1345;invectidDriver
1369;invectidStagSoldier
1387;shumdigger
1395;clampray
1397;wood
1427;invectidTrooper
1455;sector
1457;stone4
1459;stone2
1461;stone1
1463;stone3
1465;wheat
1467;stars
1469;flag
1471;machine2
1473;machine3
1475;machine4
1486;machine1
1471;machine2
1473;machine3
1521;cathy
1536;invectidChampion
1538;objInvectid
1552;poisonousFlower
1553;objHuman
1560;ballOfLight
1561;lumens_head
1579;aquineMonster
1593;bugueseMonster
1625;scarab
1629;purple_flower
1641;statu
1698;86
1702;87
1705;88
1708;89
1711;90
6;empty
35;tileBtn
37;rope
40;monacleItem
39;monacle
74;guardA
109;womanA
135;manB
169;corona
200;womanMerchant
227;craftsman
253;blacksmith
275;manC
296;guardian
319;guardB
338;guardD
362;officier
383;chamberlain
408;igneous
429;guardC
466;invectidCommander
506;invectidWarrior
533;invectidSoldier
543;venus
553;hortala
562;flame
588;childB
610;childA
640;sparkle
666;woodsman
685;chompede
688;spiderItem
718;healer
732;pinchpounce
744;assassinBee
754;punchHopper
773;manA
791;manD
801;bat
815;smallNastyTat
823;buzzbit
824;greatNastyTat
836;chiggerwigz
844;invectidFlying
852;spinedKrail
892;beerain
926;aquine
954;buguese
978;stag
1006;grasshop
1034;dungobeet
1063;lument
1091;magma
1102;farmerA
1120;farmerB
1143;WomanB
1167;womanC
1172;guardF
1177;guardE
1185;brutus
1198;merchantB
1221;childC
1229;invectidDarkFlying
1239;hopfopper
1247;pinchmite
1279;gasplash
1307;talonpole
1317;schoolWeewogs
1332;monk
1345;invectidDriver
1369;invectidStagSoldier
1387;shumdigger
1395;clampray
1397;wood
1427;invectidTrooper
1455;sector
1457;stone4
1459;stone2
1461;stone1
1463;stone3
1465;wheat
1467;stars
1469;flag
1471;machine2
1473;machine3
1475;machine4
1486;machine1
1471;machine2
1473;machine3
1521;cathy
1536;invectidChampion
1538;objInvectid
1552;poisonousFlower
1553;objHuman
1560;ballOfLight
1561;lumens_head
1579;aquineMonster
1593;bugueseMonster
1625;scarab
1629;purple_flower
1641;statu
1714;91
1717;92
1720;93
1723;94
1726;96
1729;97
6;empty
35;tileBtn
37;rope
40;monacleItem
39;monacle
74;guardA
109;womanA
135;manB
169;corona
200;womanMerchant
227;craftsman
253;blacksmith
275;manC
296;guardian
319;guardB
338;guardD
362;officier
383;chamberlain
408;igneous
429;guardC
466;invectidCommander
506;invectidWarrior
533;invectidSoldier
543;venus
553;hortala
562;flame
588;childB
610;childA
640;sparkle
666;woodsman
685;chompede
688;spiderItem
718;healer
732;pinchpounce
744;assassinBee
754;punchHopper
773;manA
791;manD
801;bat
815;smallNastyTat
823;buzzbit
824;greatNastyTat
836;chiggerwigz
844;invectidFlying
852;spinedKrail
892;beerain
926;aquine
954;buguese
978;stag
1006;grasshop
1034;dungobeet
1063;lument
1091;magma
1102;farmerA
1120;farmerB
1143;WomanB
1167;womanC
1172;guardF
1177;guardE
1185;brutus
1198;merchantB
1221;childC
1229;invectidDarkFlying
1239;hopfopper
1247;pinchmite
1279;gasplash
1307;talonpole
1317;schoolWeewogs
1332;monk
1345;invectidDriver
1369;invectidStagSoldier
1387;shumdigger
1395;clampray
1397;wood
1427;invectidTrooper
1455;sector
1457;stone4
1459;stone2
1461;stone1
1463;stone3
1465;wheat
1467;stars
1469;flag
1471;machine2
1473;machine3
1475;machine4
1486;machine1
1471;machine2
1473;machine3
1521;cathy
1536;invectidChampion
1538;objInvectid
1552;poisonousFlower
1553;objHuman
1560;ballOfLight
1561;lumens_head
1579;aquineMonster
1593;bugueseMonster
1625;scarab
1629;purple_flower
1641;statu
1732;98
1735;99
1738;100
6;empty
35;tileBtn
37;rope
40;monacleItem
39;monacle
74;guardA
109;womanA
135;manB
169;corona
200;womanMerchant
227;craftsman
253;blacksmith
275;manC
296;guardian
319;guardB
338;guardD
362;officier
383;chamberlain
408;igneous
429;guardC
466;invectidCommander
506;invectidWarrior
533;invectidSoldier
543;venus
553;hortala
562;flame
588;childB
610;childA
640;sparkle
666;woodsman
685;chompede
688;spiderItem
718;healer
732;pinchpounce
744;assassinBee
754;punchHopper
773;manA
791;manD
801;bat
815;smallNastyTat
823;buzzbit
824;greatNastyTat
836;chiggerwigz
844;invectidFlying
852;spinedKrail
892;beerain
926;aquine
954;buguese
978;stag
1006;grasshop
1034;dungobeet
1063;lument
1091;magma
1102;farmerA
1120;farmerB
1143;WomanB
1167;womanC
1172;guardF
1177;guardE
1185;brutus
1198;merchantB
1221;childC
1229;invectidDarkFlying
1239;hopfopper
1247;pinchmite
1279;gasplash
1307;talonpole
1317;schoolWeewogs
1332;monk
1345;invectidDriver
1369;invectidStagSoldier
1387;shumdigger
1395;clampray
1397;wood
1427;invectidTrooper
1455;sector
1457;stone4
1459;stone2
1461;stone1
1463;stone3
1465;wheat
1467;stars
1469;flag
1471;machine2
1473;machine3
1475;machine4
1486;machine1
1471;machine2
1473;machine3
1521;cathy
1536;invectidChampion
1538;objInvectid
1552;poisonousFlower
1553;objHuman
1560;ballOfLight
1561;lumens_head
1579;aquineMonster
1593;bugueseMonster
1625;scarab
1629;purple_flower
1641;statu
1741;101
1744;102
6;empty
35;tileBtn
37;rope
40;monacleItem
39;monacle
74;guardA
109;womanA
135;manB
169;corona
200;womanMerchant
227;craftsman
253;blacksmith
275;manC
296;guardian
319;guardB
338;guardD
362;officier
383;chamberlain
408;igneous
429;guardC
466;invectidCommander
506;invectidWarrior
533;invectidSoldier
543;venus
553;hortala
562;flame
588;childB
610;childA
640;sparkle
666;woodsman
685;chompede
688;spiderItem
718;healer
732;pinchpounce
744;assassinBee
754;punchHopper
773;manA
791;manD
801;bat
815;smallNastyTat
823;buzzbit
824;greatNastyTat
836;chiggerwigz
844;invectidFlying
852;spinedKrail
892;beerain
926;aquine
954;buguese
978;stag
1006;grasshop
1034;dungobeet
1063;lument
1091;magma
1102;farmerA
1120;farmerB
1143;WomanB
1167;womanC
1172;guardF
1177;guardE
1185;brutus
1198;merchantB
1221;childC
1229;invectidDarkFlying
1239;hopfopper
1247;pinchmite
1279;gasplash
1307;talonpole
1317;schoolWeewogs
1332;monk
1345;invectidDriver
1369;invectidStagSoldier
1387;shumdigger
1395;clampray
1397;wood
1427;invectidTrooper
1455;sector
1457;stone4
1459;stone2
1461;stone1
1463;stone3
1465;wheat
1467;stars
1469;flag
1471;machine2
1473;machine3
1475;machine4
1486;machine1
1471;machine2
1473;machine3
1521;cathy
1536;invectidChampion
1538;objInvectid
1552;poisonousFlower
1553;objHuman
1560;ballOfLight
1561;lumens_head
1579;aquineMonster
1593;bugueseMonster
1625;scarab
1629;purple_flower
1641;statu
1748;103
6;empty
35;tileBtn
37;rope
40;monacleItem
39;monacle
74;guardA
109;womanA
135;manB
169;corona
200;womanMerchant
227;craftsman
253;blacksmith
275;manC
296;guardian
319;guardB
338;guardD
362;officier
383;chamberlain
408;igneous
429;guardC
466;invectidCommander
506;invectidWarrior
533;invectidSoldier
543;venus
553;hortala
562;flame
588;childB
610;childA
640;sparkle
666;woodsman
685;chompede
688;spiderItem
718;healer
732;pinchpounce
744;assassinBee
754;punchHopper
773;manA
791;manD
801;bat
815;smallNastyTat
823;buzzbit
824;greatNastyTat
836;chiggerwigz
844;invectidFlying
852;spinedKrail
892;beerain
926;aquine
954;buguese
978;stag
1006;grasshop
1034;dungobeet
1063;lument
1091;magma
1102;farmerA
1120;farmerB
1143;WomanB
1167;womanC
1172;guardF
1177;guardE
1185;brutus
1198;merchantB
1221;childC
1229;invectidDarkFlying
1239;hopfopper
1247;pinchmite
1279;gasplash
1307;talonpole
1317;schoolWeewogs
1332;monk
1345;invectidDriver
1369;invectidStagSoldier
1387;shumdigger
1395;clampray
1397;wood
1427;invectidTrooper
1455;sector
1457;stone4
1459;stone2
1461;stone1
1463;stone3
1465;wheat
1467;stars
1469;flag
1471;machine2
1473;machine3
1475;machine4
1486;machine1
1471;machine2
1473;machine3
1521;cathy
1536;invectidChampion
1538;objInvectid
1552;poisonousFlower
1553;objHuman
1560;ballOfLight
1561;lumens_head
1579;aquineMonster
1593;bugueseMonster
1625;scarab
1629;purple_flower
1641;statu
1751;11
1754;12
1757;13
6;empty
35;tileBtn
37;rope
40;monacleItem
39;monacle
74;guardA
109;womanA
135;manB
169;corona
200;womanMerchant
227;craftsman
253;blacksmith
275;manC
296;guardian
319;guardB
338;guardD
362;officier
383;chamberlain
408;igneous
429;guardC
466;invectidCommander
506;invectidWarrior
533;invectidSoldier
543;venus
553;hortala
562;flame
588;childB
610;childA
640;sparkle
666;woodsman
685;chompede
688;spiderItem
718;healer
732;pinchpounce
744;assassinBee
754;punchHopper
773;manA
791;manD
801;bat
815;smallNastyTat
823;buzzbit
824;greatNastyTat
836;chiggerwigz
844;invectidFlying
852;spinedKrail
892;beerain
926;aquine
954;buguese
978;stag
1006;grasshop
1034;dungobeet
1063;lument
1091;magma
1102;farmerA
1120;farmerB
1143;WomanB
1167;womanC
1172;guardF
1177;guardE
1185;brutus
1198;merchantB
1221;childC
1229;invectidDarkFlying
1239;hopfopper
1247;pinchmite
1279;gasplash
1307;talonpole
1317;schoolWeewogs
1332;monk
1345;invectidDriver
1369;invectidStagSoldier
1387;shumdigger
1395;clampray
1397;wood
1427;invectidTrooper
1455;sector
1457;stone4
1459;stone2
1461;stone1
1463;stone3
1465;wheat
1467;stars
1469;flag
1471;machine2
1473;machine3
1475;machine4
1486;machine1
1471;machine2
1473;machine3
1521;cathy
1536;invectidChampion
1538;objInvectid
1552;poisonousFlower
1553;objHuman
1560;ballOfLight
1561;lumens_head
1579;aquineMonster
1593;bugueseMonster
1625;scarab
1629;purple_flower
1641;statu
1760;17
1763;18
1766;19
1769;20
1772;21
1775;22
1778;23
1781;24
6;empty
35;tileBtn
37;rope
40;monacleItem
39;monacle
74;guardA
109;womanA
135;manB
169;corona
200;womanMerchant
227;craftsman
253;blacksmith
275;manC
296;guardian
319;guardB
338;guardD
362;officier
383;chamberlain
408;igneous
429;guardC
466;invectidCommander
506;invectidWarrior
533;invectidSoldier
543;venus
553;hortala
562;flame
588;childB
610;childA
640;sparkle
666;woodsman
685;chompede
688;spiderItem
718;healer
732;pinchpounce
744;assassinBee
754;punchHopper
773;manA
791;manD
801;bat
815;smallNastyTat
823;buzzbit
824;greatNastyTat
836;chiggerwigz
844;invectidFlying
852;spinedKrail
892;beerain
926;aquine
954;buguese
978;stag
1006;grasshop
1034;dungobeet
1063;lument
1091;magma
1102;farmerA
1120;farmerB
1143;WomanB
1167;womanC
1172;guardF
1177;guardE
1185;brutus
1198;merchantB
1221;childC
1229;invectidDarkFlying
1239;hopfopper
1247;pinchmite
1279;gasplash
1307;talonpole
1317;schoolWeewogs
1332;monk
1345;invectidDriver
1369;invectidStagSoldier
1387;shumdigger
1395;clampray
1397;wood
1427;invectidTrooper
1455;sector
1457;stone4
1459;stone2
1461;stone1
1463;stone3
1465;wheat
1467;stars
1469;flag
1471;machine2
1473;machine3
1475;machine4
1486;machine1
1471;machine2
1473;machine3
1521;cathy
1536;invectidChampion
1538;objInvectid
1552;poisonousFlower
1553;objHuman
1560;ballOfLight
1561;lumens_head
1579;aquineMonster
1593;bugueseMonster
1625;scarab
1629;purple_flower
1641;statu
1784;25
1787;26
1790;27
1793;28
1796;29
1799;30
6;empty
35;tileBtn
37;rope
40;monacleItem
39;monacle
74;guardA
109;womanA
135;manB
169;corona
200;womanMerchant
227;craftsman
253;blacksmith
275;manC
296;guardian
319;guardB
338;guardD
362;officier
383;chamberlain
408;igneous
429;guardC
466;invectidCommander
506;invectidWarrior
533;invectidSoldier
543;venus
553;hortala
562;flame
588;childB
610;childA
640;sparkle
666;woodsman
685;chompede
688;spiderItem
718;healer
732;pinchpounce
744;assassinBee
754;punchHopper
773;manA
791;manD
801;bat
815;smallNastyTat
823;buzzbit
824;greatNastyTat
836;chiggerwigz
844;invectidFlying
852;spinedKrail
892;beerain
926;aquine
954;buguese
978;stag
1006;grasshop
1034;dungobeet
1063;lument
1091;magma
1102;farmerA
1120;farmerB
1143;WomanB
1167;womanC
1172;guardF
1177;guardE
1185;brutus
1198;merchantB
1221;childC
1229;invectidDarkFlying
1239;hopfopper
1247;pinchmite
1279;gasplash
1307;talonpole
1317;schoolWeewogs
1332;monk
1345;invectidDriver
1369;invectidStagSoldier
1387;shumdigger
1395;clampray
1397;wood
1427;invectidTrooper
1455;sector
1457;stone4
1459;stone2
1461;stone1
1463;stone3
1465;wheat
1467;stars
1469;flag
1471;machine2
1473;machine3
1475;machine4
1486;machine1
1471;machine2
1473;machine3
1521;cathy
1536;invectidChampion
1538;objInvectid
1552;poisonousFlower
1553;objHuman
1560;ballOfLight
1561;lumens_head
1579;aquineMonster
1593;bugueseMonster
1625;scarab
1629;purple_flower
1641;statu
1802;31
1805;32
1808;33
1811;34
1814;35
1817;36
6;empty
35;tileBtn
37;rope
40;monacleItem
39;monacle
74;guardA
109;womanA
135;manB
169;corona
200;womanMerchant
227;craftsman
253;blacksmith
275;manC
296;guardian
319;guardB
338;guardD
362;officier
383;chamberlain
408;igneous
429;guardC
466;invectidCommander
506;invectidWarrior
533;invectidSoldier
543;venus
553;hortala
562;flame
588;childB
610;childA
640;sparkle
666;woodsman
685;chompede
688;spiderItem
718;healer
732;pinchpounce
744;assassinBee
754;punchHopper
773;manA
791;manD
801;bat
815;smallNastyTat
823;buzzbit
824;greatNastyTat
836;chiggerwigz
844;invectidFlying
852;spinedKrail
892;beerain
926;aquine
954;buguese
978;stag
1006;grasshop
1034;dungobeet
1063;lument
1091;magma
1102;farmerA
1120;farmerB
1143;WomanB
1167;womanC
1172;guardF
1177;guardE
1185;brutus
1198;merchantB
1221;childC
1229;invectidDarkFlying
1239;hopfopper
1247;pinchmite
1279;gasplash
1307;talonpole
1317;schoolWeewogs
1332;monk
1345;invectidDriver
1369;invectidStagSoldier
1387;shumdigger
1395;clampray
1397;wood
1427;invectidTrooper
1455;sector
1457;stone4
1459;stone2
1461;stone1
1463;stone3
1465;wheat
1467;stars
1469;flag
1471;machine2
1473;machine3
1475;machine4
1486;machine1
1471;machine2
1473;machine3
1521;cathy
1536;invectidChampion
1538;objInvectid
1552;poisonousFlower
1553;objHuman
1560;ballOfLight
1561;lumens_head
1579;aquineMonster
1593;bugueseMonster
1625;scarab
1629;purple_flower
1641;statu
1820;37
1823;38
1826;39
1829;40
1832;41
1835;42
1838;43
1841;44
1844;45
1847;46
1850;47
1853;48
1856;49
6;empty
35;tileBtn
37;rope
40;monacleItem
39;monacle
74;guardA
109;womanA
135;manB
169;corona
200;womanMerchant
227;craftsman
253;blacksmith
275;manC
296;guardian
319;guardB
338;guardD
362;officier
383;chamberlain
408;igneous
429;guardC
466;invectidCommander
506;invectidWarrior
533;invectidSoldier
543;venus
553;hortala
562;flame
588;childB
610;childA
640;sparkle
666;woodsman
685;chompede
688;spiderItem
718;healer
732;pinchpounce
744;assassinBee
754;punchHopper
773;manA
791;manD
801;bat
815;smallNastyTat
823;buzzbit
824;greatNastyTat
836;chiggerwigz
844;invectidFlying
852;spinedKrail
892;beerain
926;aquine
954;buguese
978;stag
1006;grasshop
1034;dungobeet
1063;lument
1091;magma
1102;farmerA
1120;farmerB
1143;WomanB
1167;womanC
1172;guardF
1177;guardE
1185;brutus
1198;merchantB
1221;childC
1229;invectidDarkFlying
1239;hopfopper
1247;pinchmite
1279;gasplash
1307;talonpole
1317;schoolWeewogs
1332;monk
1345;invectidDriver
1369;invectidStagSoldier
1387;shumdigger
1395;clampray
1397;wood
1427;invectidTrooper
1455;sector
1457;stone4
1459;stone2
1461;stone1
1463;stone3
1465;wheat
1467;stars
1469;flag
1471;machine2
1473;machine3
1475;machine4
1486;machine1
1471;machine2
1473;machine3
1521;cathy
1536;invectidChampion
1538;objInvectid
1552;poisonousFlower
1553;objHuman
1560;ballOfLight
1561;lumens_head
1579;aquineMonster
1593;bugueseMonster
1625;scarab
1629;purple_flower
1641;statu
1859;58
1862;59
1865;60
1868;61
1871;62
1874;63
1877;64
1880;65
6;empty
35;tileBtn
37;rope
40;monacleItem
39;monacle
74;guardA
109;womanA
135;manB
169;corona
200;womanMerchant
227;craftsman
253;blacksmith
275;manC
296;guardian
319;guardB
338;guardD
362;officier
383;chamberlain
408;igneous
429;guardC
466;invectidCommander
506;invectidWarrior
533;invectidSoldier
543;venus
553;hortala
562;flame
588;childB
610;childA
640;sparkle
666;woodsman
685;chompede
688;spiderItem
718;healer
732;pinchpounce
744;assassinBee
754;punchHopper
773;manA
791;manD
801;bat
815;smallNastyTat
823;buzzbit
824;greatNastyTat
836;chiggerwigz
844;invectidFlying
852;spinedKrail
892;beerain
926;aquine
954;buguese
978;stag
1006;grasshop
1034;dungobeet
1063;lument
1091;magma
1102;farmerA
1120;farmerB
1143;WomanB
1167;womanC
1172;guardF
1177;guardE
1185;brutus
1198;merchantB
1221;childC
1229;invectidDarkFlying
1239;hopfopper
1247;pinchmite
1279;gasplash
1307;talonpole
1317;schoolWeewogs
1332;monk
1345;invectidDriver
1369;invectidStagSoldier
1387;shumdigger
1395;clampray
1397;wood
1427;invectidTrooper
1455;sector
1457;stone4
1459;stone2
1461;stone1
1463;stone3
1465;wheat
1467;stars
1469;flag
1471;machine2
1473;machine3
1475;machine4
1486;machine1
1471;machine2
1473;machine3
1521;cathy
1536;invectidChampion
1538;objInvectid
1552;poisonousFlower
1553;objHuman
1560;ballOfLight
1561;lumens_head
1579;aquineMonster
1593;bugueseMonster
1625;scarab
1629;purple_flower
1641;statu
1883;66
1886;67
1889;68
1647;69
6;empty
35;tileBtn
37;rope
40;monacleItem
39;monacle
74;guardA
109;womanA
135;manB
169;corona
200;womanMerchant
227;craftsman
253;blacksmith
275;manC
296;guardian
319;guardB
338;guardD
362;officier
383;chamberlain
408;igneous
429;guardC
466;invectidCommander
506;invectidWarrior
533;invectidSoldier
543;venus
553;hortala
562;flame
588;childB
610;childA
640;sparkle
666;woodsman
685;chompede
688;spiderItem
718;healer
732;pinchpounce
744;assassinBee
754;punchHopper
773;manA
791;manD
801;bat
815;smallNastyTat
823;buzzbit
824;greatNastyTat
836;chiggerwigz
844;invectidFlying
852;spinedKrail
892;beerain
926;aquine
954;buguese
978;stag
1006;grasshop
1034;dungobeet
1063;lument
1091;magma
1102;farmerA
1120;farmerB
1143;WomanB
1167;womanC
1172;guardF
1177;guardE
1185;brutus
1198;merchantB
1221;childC
1229;invectidDarkFlying
1239;hopfopper
1247;pinchmite
1279;gasplash
1307;talonpole
1317;schoolWeewogs
1332;monk
1345;invectidDriver
1369;invectidStagSoldier
1387;shumdigger
1395;clampray
1397;wood
1427;invectidTrooper
1455;sector
1457;stone4
1459;stone2
1461;stone1
1463;stone3
1465;wheat
1467;stars
1469;flag
1471;machine2
1473;machine3
1475;machine4
1486;machine1
1471;machine2
1473;machine3
1521;cathy
1536;invectidChampion
1538;objInvectid
1552;poisonousFlower
1553;objHuman
1560;ballOfLight
1561;lumens_head
1579;aquineMonster
1593;bugueseMonster
1625;scarab
1629;purple_flower
1641;statu
1892;104
1895;105
6;empty
35;tileBtn
37;rope
40;monacleItem
39;monacle
74;guardA
109;womanA
135;manB
169;corona
200;womanMerchant
227;craftsman
253;blacksmith
275;manC
296;guardian
319;guardB
338;guardD
362;officier
383;chamberlain
408;igneous
429;guardC
466;invectidCommander
506;invectidWarrior
533;invectidSoldier
543;venus
553;hortala
562;flame
588;childB
610;childA
640;sparkle
666;woodsman
685;chompede
688;spiderItem
718;healer
732;pinchpounce
744;assassinBee
754;punchHopper
773;manA
791;manD
801;bat
815;smallNastyTat
823;buzzbit
824;greatNastyTat
836;chiggerwigz
844;invectidFlying
852;spinedKrail
892;beerain
926;aquine
954;buguese
978;stag
1006;grasshop
1034;dungobeet
1063;lument
1091;magma
1102;farmerA
1120;farmerB
1143;WomanB
1167;womanC
1172;guardF
1177;guardE
1185;brutus
1198;merchantB
1221;childC
1229;invectidDarkFlying
1239;hopfopper
1247;pinchmite
1279;gasplash
1307;talonpole
1317;schoolWeewogs
1332;monk
1345;invectidDriver
1369;invectidStagSoldier
1387;shumdigger
1395;clampray
1397;wood
1427;invectidTrooper
1455;sector
1457;stone4
1459;stone2
1461;stone1
1463;stone3
1465;wheat
1467;stars
1469;flag
1471;machine2
1473;machine3
1475;machine4
1486;machine1
1471;machine2
1473;machine3
1521;cathy
1536;invectidChampion
1538;objInvectid
1552;poisonousFlower
1553;objHuman
1560;ballOfLight
1561;lumens_head
1579;aquineMonster
1593;bugueseMonster
1625;scarab
1629;purple_flower
1641;statu
1898;107
1901;108
6;empty
35;tileBtn
37;rope
40;monacleItem
39;monacle
74;guardA
109;womanA
135;manB
169;corona
200;womanMerchant
227;craftsman
253;blacksmith
275;manC
296;guardian
319;guardB
338;guardD
362;officier
383;chamberlain
408;igneous
429;guardC
466;invectidCommander
506;invectidWarrior
533;invectidSoldier
543;venus
553;hortala
562;flame
588;childB
610;childA
640;sparkle
666;woodsman
685;chompede
688;spiderItem
718;healer
732;pinchpounce
744;assassinBee
754;punchHopper
773;manA
791;manD
801;bat
815;smallNastyTat
823;buzzbit
824;greatNastyTat
836;chiggerwigz
844;invectidFlying
852;spinedKrail
892;beerain
926;aquine
954;buguese
978;stag
1006;grasshop
1034;dungobeet
1063;lument
1091;magma
1102;farmerA
1120;farmerB
1143;WomanB
1167;womanC
1172;guardF
1177;guardE
1185;brutus
1198;merchantB
1221;childC
1229;invectidDarkFlying
1239;hopfopper
1247;pinchmite
1279;gasplash
1307;talonpole
1317;schoolWeewogs
1332;monk
1345;invectidDriver
1369;invectidStagSoldier
1387;shumdigger
1395;clampray
1397;wood
1427;invectidTrooper
1455;sector
1457;stone4
1459;stone2
1461;stone1
1463;stone3
1465;wheat
1467;stars
1469;flag
1471;machine2
1473;machine3
1475;machine4
1486;machine1
1471;machine2
1473;machine3
1521;cathy
1536;invectidChampion
1538;objInvectid
1552;poisonousFlower
1553;objHuman
1560;ballOfLight
1561;lumens_head
1579;aquineMonster
1593;bugueseMonster
1625;scarab
1629;purple_flower
1641;statu
1904;117
1906;120
6;empty
35;tileBtn
37;rope
40;monacleItem
39;monacle
74;guardA
109;womanA
135;manB
169;corona
200;womanMerchant
227;craftsman
253;blacksmith
275;manC
296;guardian
319;guardB
338;guardD
362;officier
383;chamberlain
408;igneous
429;guardC
466;invectidCommander
506;invectidWarrior
533;invectidSoldier
543;venus
553;hortala
562;flame
588;childB
610;childA
640;sparkle
666;woodsman
685;chompede
688;spiderItem
718;healer
732;pinchpounce
744;assassinBee
754;punchHopper
773;manA
791;manD
801;bat
815;smallNastyTat
823;buzzbit
824;greatNastyTat
836;chiggerwigz
844;invectidFlying
852;spinedKrail
892;beerain
926;aquine
954;buguese
978;stag
1006;grasshop
1034;dungobeet
1063;lument
1091;magma
1102;farmerA
1120;farmerB
1143;WomanB
1167;womanC
1172;guardF
1177;guardE
1185;brutus
1198;merchantB
1221;childC
1229;invectidDarkFlying
1239;hopfopper
1247;pinchmite
1279;gasplash
1307;talonpole
1317;schoolWeewogs
1332;monk
1345;invectidDriver
1369;invectidStagSoldier
1387;shumdigger
1395;clampray
1397;wood
1427;invectidTrooper
1455;sector
1457;stone4
1459;stone2
1461;stone1
1463;stone3
1465;wheat
1467;stars
1469;flag
1471;machine2
1473;machine3
1475;machine4
1486;machine1
1471;machine2
1473;machine3
1521;cathy
1536;invectidChampion
1538;objInvectid
1552;poisonousFlower
1553;objHuman
1560;ballOfLight
1561;lumens_head
1579;aquineMonster
1593;bugueseMonster
1625;scarab
1629;purple_flower
1641;statu
1909;111
1911;112
1913;113
1915;109
6;empty
35;tileBtn
37;rope
40;monacleItem
39;monacle
74;guardA
109;womanA
135;manB
169;corona
200;womanMerchant
227;craftsman
253;blacksmith
275;manC
296;guardian
319;guardB
338;guardD
362;officier
383;chamberlain
408;igneous
429;guardC
466;invectidCommander
506;invectidWarrior
533;invectidSoldier
543;venus
553;hortala
562;flame
588;childB
610;childA
640;sparkle
666;woodsman
685;chompede
688;spiderItem
718;healer
732;pinchpounce
744;assassinBee
754;punchHopper
773;manA
791;manD
801;bat
815;smallNastyTat
823;buzzbit
824;greatNastyTat
836;chiggerwigz
844;invectidFlying
852;spinedKrail
892;beerain
926;aquine
954;buguese
978;stag
1006;grasshop
1034;dungobeet
1063;lument
1091;magma
1102;farmerA
1120;farmerB
1143;WomanB
1167;womanC
1172;guardF
1177;guardE
1185;brutus
1198;merchantB
1221;childC
1229;invectidDarkFlying
1239;hopfopper
1247;pinchmite
1279;gasplash
1307;talonpole
1317;schoolWeewogs
1332;monk
1345;invectidDriver
1369;invectidStagSoldier
1387;shumdigger
1395;clampray
1397;wood
1427;invectidTrooper
1455;sector
1457;stone4
1459;stone2
1461;stone1
1463;stone3
1465;wheat
1467;stars
1469;flag
1471;machine2
1473;machine3
1475;machine4
1486;machine1
1471;machine2
1473;machine3
1521;cathy
1536;invectidChampion
1538;objInvectid
1552;poisonousFlower
1553;objHuman
1560;ballOfLight
1561;lumens_head
1579;aquineMonster
1593;bugueseMonster
1625;scarab
1629;purple_flower
1641;statu
1918;124
1920;125
1922;126
1924;127
6;empty
35;tileBtn
37;rope
40;monacleItem
39;monacle
74;guardA
109;womanA
135;manB
169;corona
200;womanMerchant
227;craftsman
253;blacksmith
275;manC
296;guardian
319;guardB
338;guardD
362;officier
383;chamberlain
408;igneous
429;guardC
466;invectidCommander
506;invectidWarrior
533;invectidSoldier
543;venus
553;hortala
562;flame
588;childB
610;childA
640;sparkle
666;woodsman
685;chompede
688;spiderItem
718;healer
732;pinchpounce
744;assassinBee
754;punchHopper
773;manA
791;manD
801;bat
815;smallNastyTat
823;buzzbit
824;greatNastyTat
836;chiggerwigz
844;invectidFlying
852;spinedKrail
892;beerain
926;aquine
954;buguese
978;stag
1006;grasshop
1034;dungobeet
1063;lument
1091;magma
1102;farmerA
1120;farmerB
1143;WomanB
1167;womanC
1172;guardF
1177;guardE
1185;brutus
1198;merchantB
1221;childC
1229;invectidDarkFlying
1239;hopfopper
1247;pinchmite
1279;gasplash
1307;talonpole
1317;schoolWeewogs
1332;monk
1345;invectidDriver
1369;invectidStagSoldier
1387;shumdigger
1395;clampray
1397;wood
1427;invectidTrooper
1455;sector
1457;stone4
1459;stone2
1461;stone1
1463;stone3
1465;wheat
1467;stars
1469;flag
1471;machine2
1473;machine3
1475;machine4
1486;machine1
1471;machine2
1473;machine3
1521;cathy
1536;invectidChampion
1538;objInvectid
1552;poisonousFlower
1553;objHuman
1560;ballOfLight
1561;lumens_head
1579;aquineMonster
1593;bugueseMonster
1625;scarab
1629;purple_flower
1641;statu
1927;130
1929;131
1931;132
1933;133
1935;134
1937;135
1939;136
1941;137
6;empty
35;tileBtn
37;rope
40;monacleItem
39;monacle
74;guardA
109;womanA
135;manB
169;corona
200;womanMerchant
227;craftsman
253;blacksmith
275;manC
296;guardian
319;guardB
338;guardD
362;officier
383;chamberlain
408;igneous
429;guardC
466;invectidCommander
506;invectidWarrior
533;invectidSoldier
543;venus
553;hortala
562;flame
588;childB
610;childA
640;sparkle
666;woodsman
685;chompede
688;spiderItem
718;healer
732;pinchpounce
744;assassinBee
754;punchHopper
773;manA
791;manD
801;bat
815;smallNastyTat
823;buzzbit
824;greatNastyTat
836;chiggerwigz
844;invectidFlying
852;spinedKrail
892;beerain
926;aquine
954;buguese
978;stag
1006;grasshop
1034;dungobeet
1063;lument
1091;magma
1102;farmerA
1120;farmerB
1143;WomanB
1167;womanC
1172;guardF
1177;guardE
1185;brutus
1198;merchantB
1221;childC
1229;invectidDarkFlying
1239;hopfopper
1247;pinchmite
1279;gasplash
1307;talonpole
1317;schoolWeewogs
1332;monk
1345;invectidDriver
1369;invectidStagSoldier
1387;shumdigger
1395;clampray
1397;wood
1427;invectidTrooper
1455;sector
1457;stone4
1459;stone2
1461;stone1
1463;stone3
1465;wheat
1467;stars
1469;flag
1471;machine2
1473;machine3
1475;machine4
1486;machine1
1471;machine2
1473;machine3
1521;cathy
1536;invectidChampion
1538;objInvectid
1552;poisonousFlower
1553;objHuman
1560;ballOfLight
1561;lumens_head
1579;aquineMonster
1593;bugueseMonster
1625;scarab
1629;purple_flower
1641;statu
1944;140
1946;141
1948;142
1950;145
1952;146
1954;148
6;empty
35;tileBtn
37;rope
40;monacleItem
39;monacle
74;guardA
109;womanA
135;manB
169;corona
200;womanMerchant
227;craftsman
253;blacksmith
275;manC
296;guardian
319;guardB
338;guardD
362;officier
383;chamberlain
408;igneous
429;guardC
466;invectidCommander
506;invectidWarrior
533;invectidSoldier
543;venus
553;hortala
562;flame
588;childB
610;childA
640;sparkle
666;woodsman
685;chompede
688;spiderItem
718;healer
732;pinchpounce
744;assassinBee
754;punchHopper
773;manA
791;manD
801;bat
815;smallNastyTat
823;buzzbit
824;greatNastyTat
836;chiggerwigz
844;invectidFlying
852;spinedKrail
892;beerain
926;aquine
954;buguese
978;stag
1006;grasshop
1034;dungobeet
1063;lument
1091;magma
1102;farmerA
1120;farmerB
1143;WomanB
1167;womanC
1172;guardF
1177;guardE
1185;brutus
1198;merchantB
1221;childC
1229;invectidDarkFlying
1239;hopfopper
1247;pinchmite
1279;gasplash
1307;talonpole
1317;schoolWeewogs
1332;monk
1345;invectidDriver
1369;invectidStagSoldier
1387;shumdigger
1395;clampray
1397;wood
1427;invectidTrooper
1455;sector
1457;stone4
1459;stone2
1461;stone1
1463;stone3
1465;wheat
1467;stars
1469;flag
1471;machine2
1473;machine3
1475;machine4
1486;machine1
1471;machine2
1473;machine3
1521;cathy
1536;invectidChampion
1538;objInvectid
1552;poisonousFlower
1553;objHuman
1560;ballOfLight
1561;lumens_head
1579;aquineMonster
1593;bugueseMonster
1625;scarab
1629;purple_flower
1641;statu
1957;149
1959;151
1961;152
1963;154
6;empty
35;tileBtn
37;rope
40;monacleItem
39;monacle
74;guardA
109;womanA
135;manB
169;corona
200;womanMerchant
227;craftsman
253;blacksmith
275;manC
296;guardian
319;guardB
338;guardD
362;officier
383;chamberlain
408;igneous
429;guardC
466;invectidCommander
506;invectidWarrior
533;invectidSoldier
543;venus
553;hortala
562;flame
588;childB
610;childA
640;sparkle
666;woodsman
685;chompede
688;spiderItem
718;healer
732;pinchpounce
744;assassinBee
754;punchHopper
773;manA
791;manD
801;bat
815;smallNastyTat
823;buzzbit
824;greatNastyTat
836;chiggerwigz
844;invectidFlying
852;spinedKrail
892;beerain
926;aquine
954;buguese
978;stag
1006;grasshop
1034;dungobeet
1063;lument
1091;magma
1102;farmerA
1120;farmerB
1143;WomanB
1167;womanC
1172;guardF
1177;guardE
1185;brutus
1198;merchantB
1221;childC
1229;invectidDarkFlying
1239;hopfopper
1247;pinchmite
1279;gasplash
1307;talonpole
1317;schoolWeewogs
1332;monk
1345;invectidDriver
1369;invectidStagSoldier
1387;shumdigger
1395;clampray
1397;wood
1427;invectidTrooper
1455;sector
1457;stone4
1459;stone2
1461;stone1
1463;stone3
1465;wheat
1467;stars
1469;flag
1471;machine2
1473;machine3
1475;machine4
1486;machine1
1471;machine2
1473;machine3
1521;cathy
1536;invectidChampion
1538;objInvectid
1552;poisonousFlower
1553;objHuman
1560;ballOfLight
1561;lumens_head
1579;aquineMonster
1593;bugueseMonster
1625;scarab
1629;purple_flower
1641;statu
1967;155
6;empty
35;tileBtn
37;rope
40;monacleItem
39;monacle
74;guardA
109;womanA
135;manB
169;corona
200;womanMerchant
227;craftsman
253;blacksmith
275;manC
296;guardian
319;guardB
338;guardD
362;officier
383;chamberlain
408;igneous
429;guardC
466;invectidCommander
506;invectidWarrior
533;invectidSoldier
543;venus
553;hortala
562;flame
588;childB
610;childA
640;sparkle
666;woodsman
685;chompede
688;spiderItem
718;healer
732;pinchpounce
744;assassinBee
754;punchHopper
773;manA
791;manD
801;bat
815;smallNastyTat
823;buzzbit
824;greatNastyTat
836;chiggerwigz
844;invectidFlying
852;spinedKrail
892;beerain
926;aquine
954;buguese
978;stag
1006;grasshop
1034;dungobeet
1063;lument
1091;magma
1102;farmerA
1120;farmerB
1143;WomanB
1167;womanC
1172;guardF
1177;guardE
1185;brutus
1198;merchantB
1221;childC
1229;invectidDarkFlying
1239;hopfopper
1247;pinchmite
1279;gasplash
1307;talonpole
1317;schoolWeewogs
1332;monk
1345;invectidDriver
1369;invectidStagSoldier
1387;shumdigger
1395;clampray
1397;wood
1427;invectidTrooper
1455;sector
1457;stone4
1459;stone2
1461;stone1
1463;stone3
1465;wheat
1467;stars
1469;flag
1471;machine2
1473;machine3
1475;machine4
1486;machine1
1471;machine2
1473;machine3
1521;cathy
1536;invectidChampion
1538;objInvectid
1552;poisonousFlower
1553;objHuman
1560;ballOfLight
1561;lumens_head
1579;aquineMonster
1593;bugueseMonster
1625;scarab
1629;purple_flower
1641;statu
1970;156
6;empty
35;tileBtn
37;rope
40;monacleItem
39;monacle
74;guardA
109;womanA
135;manB
169;corona
200;womanMerchant
227;craftsman
253;blacksmith
275;manC
296;guardian
319;guardB
338;guardD
362;officier
383;chamberlain
408;igneous
429;guardC
466;invectidCommander
506;invectidWarrior
533;invectidSoldier
543;venus
553;hortala
562;flame
588;childB
610;childA
640;sparkle
666;woodsman
685;chompede
688;spiderItem
718;healer
732;pinchpounce
744;assassinBee
754;punchHopper
773;manA
791;manD
801;bat
815;smallNastyTat
823;buzzbit
824;greatNastyTat
836;chiggerwigz
844;invectidFlying
852;spinedKrail
892;beerain
926;aquine
954;buguese
978;stag
1006;grasshop
1034;dungobeet
1063;lument
1091;magma
1102;farmerA
1120;farmerB
1143;WomanB
1167;womanC
1172;guardF
1177;guardE
1185;brutus
1198;merchantB
1221;childC
1229;invectidDarkFlying
1239;hopfopper
1247;pinchmite
1279;gasplash
1307;talonpole
1317;schoolWeewogs
1332;monk
1345;invectidDriver
1369;invectidStagSoldier
1387;shumdigger
1395;clampray
1397;wood
1427;invectidTrooper
1455;sector
1457;stone4
1459;stone2
1461;stone1
1463;stone3
1465;wheat
1467;stars
1469;flag
1471;machine2
1473;machine3
1475;machine4
1486;machine1
1471;machine2
1473;machine3
1521;cathy
1536;invectidChampion
1538;objInvectid
1552;poisonousFlower
1553;objHuman
1560;ballOfLight
1561;lumens_head
1579;aquineMonster
1593;bugueseMonster
1625;scarab
1629;purple_flower
1641;statu
1973;157
1976;158
6;empty
35;tileBtn
37;rope
40;monacleItem
39;monacle
74;guardA
109;womanA
135;manB
169;corona
200;womanMerchant
227;craftsman
253;blacksmith
275;manC
296;guardian
319;guardB
338;guardD
362;officier
383;chamberlain
408;igneous
429;guardC
466;invectidCommander
506;invectidWarrior
533;invectidSoldier
543;venus
553;hortala
562;flame
588;childB
610;childA
640;sparkle
666;woodsman
685;chompede
688;spiderItem
718;healer
732;pinchpounce
744;assassinBee
754;punchHopper
773;manA
791;manD
801;bat
815;smallNastyTat
823;buzzbit
824;greatNastyTat
836;chiggerwigz
844;invectidFlying
852;spinedKrail
892;beerain
926;aquine
954;buguese
978;stag
1006;grasshop
1034;dungobeet
1063;lument
1091;magma
1102;farmerA
1120;farmerB
1143;WomanB
1167;womanC
1172;guardF
1177;guardE
1185;brutus
1198;merchantB
1221;childC
1229;invectidDarkFlying
1239;hopfopper
1247;pinchmite
1279;gasplash
1307;talonpole
1317;schoolWeewogs
1332;monk
1345;invectidDriver
1369;invectidStagSoldier
1387;shumdigger
1395;clampray
1397;wood
1427;invectidTrooper
1455;sector
1457;stone4
1459;stone2
1461;stone1
1463;stone3
1465;wheat
1467;stars
1469;flag
1471;machine2
1473;machine3
1475;machine4
1486;machine1
1471;machine2
1473;machine3
1521;cathy
1536;invectidChampion
1538;objInvectid
1552;poisonousFlower
1553;objHuman
1560;ballOfLight
1561;lumens_head
1579;aquineMonster
1593;bugueseMonster
1625;scarab
1629;purple_flower
1641;statu
1979;159
1982;160
6;empty
35;tileBtn
37;rope
40;monacleItem
39;monacle
74;guardA
109;womanA
135;manB
169;corona
200;womanMerchant
227;craftsman
253;blacksmith
275;manC
296;guardian
319;guardB
338;guardD
362;officier
383;chamberlain
408;igneous
429;guardC
466;invectidCommander
506;invectidWarrior
533;invectidSoldier
543;venus
553;hortala
562;flame
588;childB
610;childA
640;sparkle
666;woodsman
685;chompede
688;spiderItem
718;healer
732;pinchpounce
744;assassinBee
754;punchHopper
773;manA
791;manD
801;bat
815;smallNastyTat
823;buzzbit
824;greatNastyTat
836;chiggerwigz
844;invectidFlying
852;spinedKrail
892;beerain
926;aquine
954;buguese
978;stag
1006;grasshop
1034;dungobeet
1063;lument
1091;magma
1102;farmerA
1120;farmerB
1143;WomanB
1167;womanC
1172;guardF
1177;guardE
1185;brutus
1198;merchantB
1221;childC
1229;invectidDarkFlying
1239;hopfopper
1247;pinchmite
1279;gasplash
1307;talonpole
1317;schoolWeewogs
1332;monk
1345;invectidDriver
1369;invectidStagSoldier
1387;shumdigger
1395;clampray
1397;wood
1427;invectidTrooper
1455;sector
1457;stone4
1459;stone2
1461;stone1
1463;stone3
1465;wheat
1467;stars
1469;flag
1471;machine2
1473;machine3
1475;machine4
1486;machine1
1471;machine2
1473;machine3
1521;cathy
1536;invectidChampion
1538;objInvectid
1552;poisonousFlower
1553;objHuman
1560;ballOfLight
1561;lumens_head
1579;aquineMonster
1593;bugueseMonster
1625;scarab
1629;purple_flower
1641;statu
1985;161
6;empty
35;tileBtn
37;rope
40;monacleItem
39;monacle
74;guardA
109;womanA
135;manB
169;corona
200;womanMerchant
227;craftsman
253;blacksmith
275;manC
296;guardian
319;guardB
338;guardD
362;officier
383;chamberlain
408;igneous
429;guardC
466;invectidCommander
506;invectidWarrior
533;invectidSoldier
543;venus
553;hortala
562;flame
588;childB
610;childA
640;sparkle
666;woodsman
685;chompede
688;spiderItem
718;healer
732;pinchpounce
744;assassinBee
754;punchHopper
773;manA
791;manD
801;bat
815;smallNastyTat
823;buzzbit
824;greatNastyTat
836;chiggerwigz
844;invectidFlying
852;spinedKrail
892;beerain
926;aquine
954;buguese
978;stag
1006;grasshop
1034;dungobeet
1063;lument
1091;magma
1102;farmerA
1120;farmerB
1143;WomanB
1167;womanC
1172;guardF
1177;guardE
1185;brutus
1198;merchantB
1221;childC
1229;invectidDarkFlying
1239;hopfopper
1247;pinchmite
1279;gasplash
1307;talonpole
1317;schoolWeewogs
1332;monk
1345;invectidDriver
1369;invectidStagSoldier
1387;shumdigger
1395;clampray
1397;wood
1427;invectidTrooper
1455;sector
1457;stone4
1459;stone2
1461;stone1
1463;stone3
1465;wheat
1467;stars
1469;flag
1471;machine2
1473;machine3
1475;machine4
1486;machine1
1471;machine2
1473;machine3
1521;cathy
1536;invectidChampion
1538;objInvectid
1552;poisonousFlower
1553;objHuman
1560;ballOfLight
1561;lumens_head
1579;aquineMonster
1593;bugueseMonster
1625;scarab
1629;purple_flower
1641;statu
1988;162
1991;163
6;empty
35;tileBtn
37;rope
40;monacleItem
39;monacle
74;guardA
109;womanA
135;manB
169;corona
200;womanMerchant
227;craftsman
253;blacksmith
275;manC
296;guardian
319;guardB
338;guardD
362;officier
383;chamberlain
408;igneous
429;guardC
466;invectidCommander
506;invectidWarrior
533;invectidSoldier
543;venus
553;hortala
562;flame
588;childB
610;childA
640;sparkle
666;woodsman
685;chompede
688;spiderItem
718;healer
732;pinchpounce
744;assassinBee
754;punchHopper
773;manA
791;manD
801;bat
815;smallNastyTat
823;buzzbit
824;greatNastyTat
836;chiggerwigz
844;invectidFlying
852;spinedKrail
892;beerain
926;aquine
954;buguese
978;stag
1006;grasshop
1034;dungobeet
1063;lument
1091;magma
1102;farmerA
1120;farmerB
1143;WomanB
1167;womanC
1172;guardF
1177;guardE
1185;brutus
1198;merchantB
1221;childC
1229;invectidDarkFlying
1239;hopfopper
1247;pinchmite
1279;gasplash
1307;talonpole
1317;schoolWeewogs
1332;monk
1345;invectidDriver
1369;invectidStagSoldier
1387;shumdigger
1395;clampray
1397;wood
1427;invectidTrooper
1455;sector
1457;stone4
1459;stone2
1461;stone1
1463;stone3
1465;wheat
1467;stars
1469;flag
1471;machine2
1473;machine3
1475;machine4
1486;machine1
1471;machine2
1473;machine3
1521;cathy
1536;invectidChampion
1538;objInvectid
1552;poisonousFlower
1553;objHuman
1560;ballOfLight
1561;lumens_head
1579;aquineMonster
1593;bugueseMonster
1625;scarab
1629;purple_flower
1641;statu
1994;165
1997;167
2000;164
2003;166
6;empty
35;tileBtn
37;rope
40;monacleItem
39;monacle
74;guardA
109;womanA
135;manB
169;corona
200;womanMerchant
227;craftsman
253;blacksmith
275;manC
296;guardian
319;guardB
338;guardD
362;officier
383;chamberlain
408;igneous
429;guardC
466;invectidCommander
506;invectidWarrior
533;invectidSoldier
543;venus
553;hortala
562;flame
588;childB
610;childA
640;sparkle
666;woodsman
685;chompede
688;spiderItem
718;healer
732;pinchpounce
744;assassinBee
754;punchHopper
773;manA
791;manD
801;bat
815;smallNastyTat
823;buzzbit
824;greatNastyTat
836;chiggerwigz
844;invectidFlying
852;spinedKrail
892;beerain
926;aquine
954;buguese
978;stag
1006;grasshop
1034;dungobeet
1063;lument
1091;magma
1102;farmerA
1120;farmerB
1143;WomanB
1167;womanC
1172;guardF
1177;guardE
1185;brutus
1198;merchantB
1221;childC
1229;invectidDarkFlying
1239;hopfopper
1247;pinchmite
1279;gasplash
1307;talonpole
1317;schoolWeewogs
1332;monk
1345;invectidDriver
1369;invectidStagSoldier
1387;shumdigger
1395;clampray
1397;wood
1427;invectidTrooper
1455;sector
1457;stone4
1459;stone2
1461;stone1
1463;stone3
1465;wheat
1467;stars
1469;flag
1471;machine2
1473;machine3
1475;machine4
1486;machine1
1471;machine2
1473;machine3
1521;cathy
1536;invectidChampion
1538;objInvectid
1552;poisonousFlower
1553;objHuman
1560;ballOfLight
1561;lumens_head
1579;aquineMonster
1593;bugueseMonster
1625;scarab
1629;purple_flower
1641;statu
2006;168
2009;169
6;empty
35;tileBtn
37;rope
40;monacleItem
39;monacle
74;guardA
109;womanA
135;manB
169;corona
200;womanMerchant
227;craftsman
253;blacksmith
275;manC
296;guardian
319;guardB
338;guardD
362;officier
383;chamberlain
408;igneous
429;guardC
466;invectidCommander
506;invectidWarrior
533;invectidSoldier
543;venus
553;hortala
562;flame
588;childB
610;childA
640;sparkle
666;woodsman
685;chompede
688;spiderItem
718;healer
732;pinchpounce
744;assassinBee
754;punchHopper
773;manA
791;manD
801;bat
815;smallNastyTat
823;buzzbit
824;greatNastyTat
836;chiggerwigz
844;invectidFlying
852;spinedKrail
892;beerain
926;aquine
954;buguese
978;stag
1006;grasshop
1034;dungobeet
1063;lument
1091;magma
1102;farmerA
1120;farmerB
1143;WomanB
1167;womanC
1172;guardF
1177;guardE
1185;brutus
1198;merchantB
1221;childC
1229;invectidDarkFlying
1239;hopfopper
1247;pinchmite
1279;gasplash
1307;talonpole
1317;schoolWeewogs
1332;monk
1345;invectidDriver
1369;invectidStagSoldier
1387;shumdigger
1395;clampray
1397;wood
1427;invectidTrooper
1455;sector
1457;stone4
1459;stone2
1461;stone1
1463;stone3
1465;wheat
1467;stars
1469;flag
1471;machine2
1473;machine3
1475;machine4
1486;machine1
1471;machine2
1473;machine3
1521;cathy
1536;invectidChampion
1538;objInvectid
1552;poisonousFlower
1553;objHuman
1560;ballOfLight
1561;lumens_head
1579;aquineMonster
1593;bugueseMonster
1625;scarab
1629;purple_flower
1641;statu
2012;170
6;empty
35;tileBtn
37;rope
40;monacleItem
39;monacle
74;guardA
109;womanA
135;manB
169;corona
200;womanMerchant
227;craftsman
253;blacksmith
275;manC
296;guardian
319;guardB
338;guardD
362;officier
383;chamberlain
408;igneous
429;guardC
466;invectidCommander
506;invectidWarrior
533;invectidSoldier
543;venus
553;hortala
562;flame
588;childB
610;childA
640;sparkle
666;woodsman
685;chompede
688;spiderItem
718;healer
732;pinchpounce
744;assassinBee
754;punchHopper
773;manA
791;manD
801;bat
815;smallNastyTat
823;buzzbit
824;greatNastyTat
836;chiggerwigz
844;invectidFlying
852;spinedKrail
892;beerain
926;aquine
954;buguese
978;stag
1006;grasshop
1034;dungobeet
1063;lument
1091;magma
1102;farmerA
1120;farmerB
1143;WomanB
1167;womanC
1172;guardF
1177;guardE
1185;brutus
1198;merchantB
1221;childC
1229;invectidDarkFlying
1239;hopfopper
1247;pinchmite
1279;gasplash
1307;talonpole
1317;schoolWeewogs
1332;monk
1345;invectidDriver
1369;invectidStagSoldier
1387;shumdigger
1395;clampray
1397;wood
1427;invectidTrooper
1455;sector
1457;stone4
1459;stone2
1461;stone1
1463;stone3
1465;wheat
1467;stars
1469;flag
1471;machine2
1473;machine3
1475;machine4
1486;machine1
1471;machine2
1473;machine3
1521;cathy
1536;invectidChampion
1538;objInvectid
1552;poisonousFlower
1553;objHuman
1560;ballOfLight
1561;lumens_head
1579;aquineMonster
1593;bugueseMonster
1625;scarab
1629;purple_flower
1641;statu
2015;171
2018;172
2021;173
2024;174
2027;175
6;empty
35;tileBtn
37;rope
40;monacleItem
39;monacle
74;guardA
109;womanA
135;manB
169;corona
200;womanMerchant
227;craftsman
253;blacksmith
275;manC
296;guardian
319;guardB
338;guardD
362;officier
383;chamberlain
408;igneous
429;guardC
466;invectidCommander
506;invectidWarrior
533;invectidSoldier
543;venus
553;hortala
562;flame
588;childB
610;childA
640;sparkle
666;woodsman
685;chompede
688;spiderItem
718;healer
732;pinchpounce
744;assassinBee
754;punchHopper
773;manA
791;manD
801;bat
815;smallNastyTat
823;buzzbit
824;greatNastyTat
836;chiggerwigz
844;invectidFlying
852;spinedKrail
892;beerain
926;aquine
954;buguese
978;stag
1006;grasshop
1034;dungobeet
1063;lument
1091;magma
1102;farmerA
1120;farmerB
1143;WomanB
1167;womanC
1172;guardF
1177;guardE
1185;brutus
1198;merchantB
1221;childC
1229;invectidDarkFlying
1239;hopfopper
1247;pinchmite
1279;gasplash
1307;talonpole
1317;schoolWeewogs
1332;monk
1345;invectidDriver
1369;invectidStagSoldier
1387;shumdigger
1395;clampray
1397;wood
1427;invectidTrooper
1455;sector
1457;stone4
1459;stone2
1461;stone1
1463;stone3
1465;wheat
1467;stars
1469;flag
1471;machine2
1473;machine3
1475;machine4
1486;machine1
1471;machine2
1473;machine3
1521;cathy
1536;invectidChampion
1538;objInvectid
1552;poisonousFlower
1553;objHuman
1560;ballOfLight
1561;lumens_head
1579;aquineMonster
1593;bugueseMonster
1625;scarab
1629;purple_flower
1641;statu
2030;176
6;empty
35;tileBtn
37;rope
40;monacleItem
39;monacle
74;guardA
109;womanA
135;manB
169;corona
200;womanMerchant
227;craftsman
253;blacksmith
275;manC
296;guardian
319;guardB
338;guardD
362;officier
383;chamberlain
408;igneous
429;guardC
466;invectidCommander
506;invectidWarrior
533;invectidSoldier
543;venus
553;hortala
562;flame
588;childB
610;childA
640;sparkle
666;woodsman
685;chompede
688;spiderItem
718;healer
732;pinchpounce
744;assassinBee
754;punchHopper
773;manA
791;manD
801;bat
815;smallNastyTat
823;buzzbit
824;greatNastyTat
836;chiggerwigz
844;invectidFlying
852;spinedKrail
892;beerain
926;aquine
954;buguese
978;stag
1006;grasshop
1034;dungobeet
1063;lument
1091;magma
1102;farmerA
1120;farmerB
1143;WomanB
1167;womanC
1172;guardF
1177;guardE
1185;brutus
1198;merchantB
1221;childC
1229;invectidDarkFlying
1239;hopfopper
1247;pinchmite
1279;gasplash
1307;talonpole
1317;schoolWeewogs
1332;monk
1345;invectidDriver
1369;invectidStagSoldier
1387;shumdigger
1395;clampray
1397;wood
1427;invectidTrooper
1455;sector
1457;stone4
1459;stone2
1461;stone1
1463;stone3
1465;wheat
1467;stars
1469;flag
1471;machine2
1473;machine3
1475;machine4
1486;machine1
1471;machine2
1473;machine3
1521;cathy
1536;invectidChampion
1538;objInvectid
1552;poisonousFlower
1553;objHuman
1560;ballOfLight
1561;lumens_head
1579;aquineMonster
1593;bugueseMonster
1625;scarab
1629;purple_flower
1641;statu
2033;177
6;empty
35;tileBtn
37;rope
40;monacleItem
39;monacle
74;guardA
109;womanA
135;manB
169;corona
200;womanMerchant
227;craftsman
253;blacksmith
275;manC
296;guardian
319;guardB
338;guardD
362;officier
383;chamberlain
408;igneous
429;guardC
466;invectidCommander
506;invectidWarrior
533;invectidSoldier
543;venus
553;hortala
562;flame
588;childB
610;childA
640;sparkle
666;woodsman
685;chompede
688;spiderItem
718;healer
732;pinchpounce
744;assassinBee
754;punchHopper
773;manA
791;manD
801;bat
815;smallNastyTat
823;buzzbit
824;greatNastyTat
836;chiggerwigz
844;invectidFlying
852;spinedKrail
892;beerain
926;aquine
954;buguese
978;stag
1006;grasshop
1034;dungobeet
1063;lument
1091;magma
1102;farmerA
1120;farmerB
1143;WomanB
1167;womanC
1172;guardF
1177;guardE
1185;brutus
1198;merchantB
1221;childC
1229;invectidDarkFlying
1239;hopfopper
1247;pinchmite
1279;gasplash
1307;talonpole
1317;schoolWeewogs
1332;monk
1345;invectidDriver
1369;invectidStagSoldier
1387;shumdigger
1395;clampray
1397;wood
1427;invectidTrooper
1455;sector
1457;stone4
1459;stone2
1461;stone1
1463;stone3
1465;wheat
1467;stars
1469;flag
1471;machine2
1473;machine3
1475;machine4
1486;machine1
1471;machine2
1473;machine3
1521;cathy
1536;invectidChampion
1538;objInvectid
1552;poisonousFlower
1553;objHuman
1560;ballOfLight
1561;lumens_head
1579;aquineMonster
1593;bugueseMonster
1625;scarab
1629;purple_flower
1641;statu
2036;178
2039;179
2042;180
2045;181
2048;182
6;empty
35;tileBtn
37;rope
40;monacleItem
39;monacle
74;guardA
109;womanA
135;manB
169;corona
200;womanMerchant
227;craftsman
253;blacksmith
275;manC
296;guardian
319;guardB
338;guardD
362;officier
383;chamberlain
408;igneous
429;guardC
466;invectidCommander
506;invectidWarrior
533;invectidSoldier
543;venus
553;hortala
562;flame
588;childB
610;childA
640;sparkle
666;woodsman
685;chompede
688;spiderItem
718;healer
732;pinchpounce
744;assassinBee
754;punchHopper
773;manA
791;manD
801;bat
815;smallNastyTat
823;buzzbit
824;greatNastyTat
836;chiggerwigz
844;invectidFlying
852;spinedKrail
892;beerain
926;aquine
954;buguese
978;stag
1006;grasshop
1034;dungobeet
1063;lument
1091;magma
1102;farmerA
1120;farmerB
1143;WomanB
1167;womanC
1172;guardF
1177;guardE
1185;brutus
1198;merchantB
1221;childC
1229;invectidDarkFlying
1239;hopfopper
1247;pinchmite
1279;gasplash
1307;talonpole
1317;schoolWeewogs
1332;monk
1345;invectidDriver
1369;invectidStagSoldier
1387;shumdigger
1395;clampray
1397;wood
1427;invectidTrooper
1455;sector
1457;stone4
1459;stone2
1461;stone1
1463;stone3
1465;wheat
1467;stars
1469;flag
1471;machine2
1473;machine3
1475;machine4
1486;machine1
1471;machine2
1473;machine3
1521;cathy
1536;invectidChampion
1538;objInvectid
1552;poisonousFlower
1553;objHuman
1560;ballOfLight
1561;lumens_head
1579;aquineMonster
1593;bugueseMonster
1625;scarab
1629;purple_flower
1641;statu
2051;183
2054;184
6;empty
35;tileBtn
37;rope
40;monacleItem
39;monacle
74;guardA
109;womanA
135;manB
169;corona
200;womanMerchant
227;craftsman
253;blacksmith
275;manC
296;guardian
319;guardB
338;guardD
362;officier
383;chamberlain
408;igneous
429;guardC
466;invectidCommander
506;invectidWarrior
533;invectidSoldier
543;venus
553;hortala
562;flame
588;childB
610;childA
640;sparkle
666;woodsman
685;chompede
688;spiderItem
718;healer
732;pinchpounce
744;assassinBee
754;punchHopper
773;manA
791;manD
801;bat
815;smallNastyTat
823;buzzbit
824;greatNastyTat
836;chiggerwigz
844;invectidFlying
852;spinedKrail
892;beerain
926;aquine
954;buguese
978;stag
1006;grasshop
1034;dungobeet
1063;lument
1091;magma
1102;farmerA
1120;farmerB
1143;WomanB
1167;womanC
1172;guardF
1177;guardE
1185;brutus
1198;merchantB
1221;childC
1229;invectidDarkFlying
1239;hopfopper
1247;pinchmite
1279;gasplash
1307;talonpole
1317;schoolWeewogs
1332;monk
1345;invectidDriver
1369;invectidStagSoldier
1387;shumdigger
1395;clampray
1397;wood
1427;invectidTrooper
1455;sector
1457;stone4
1459;stone2
1461;stone1
1463;stone3
1465;wheat
1467;stars
1469;flag
1471;machine2
1473;machine3
1475;machine4
1486;machine1
1471;machine2
1473;machine3
1521;cathy
1536;invectidChampion
1538;objInvectid
1552;poisonousFlower
1553;objHuman
1560;ballOfLight
1561;lumens_head
1579;aquineMonster
1593;bugueseMonster
1625;scarab
1629;purple_flower
1641;statu
1397;wood
1397;wood
1397;wood
1397;wood
1397;wood
1397;wood
1475;machine4
1486;machine1
1471;machine2
1473;machine3
1475;machine4
1475;machine4
1486;machine1
1471;machine2
1473;machine3
1473;machine3
1471;machine2
1486;machine1
1397;wood
1465;wheat
1397;wood
1465;wheat
1397;wood
1465;wheat
1397;wood
1465;wheat
1397;wood
1465;wheat
1397;wood
1465;wheat
1397;wood
1397;wood
1397;wood
1397;wood
1397;wood
1397;wood
1397;wood
1465;wheat
1397;wood
1465;wheat
1397;wood
1465;wheat
1397;wood
1465;wheat
1397;wood
1465;wheat
1397;wood
1465;wheat
1397;wood
1465;wheat
1397;wood
1461;stone1
1459;stone2
1463;stone3
1457;stone4
1465;wheat
1397;wood
1465;wheat
1397;wood
1465;wheat
1397;wood
1465;wheat
1397;wood
1465;wheat
1397;wood
1465;wheat
1397;wood
1465;wheat
1397;wood
1397;wood
1397;wood
1397;wood
1397;wood
1397;wood
1397;wood
1397;wood
1397;wood
1397;wood
1397;wood
1397;wood
1397;wood
1397;wood
1397;wood
1465;wheat
1397;wood
1465;wheat
1397;wood
1465;wheat
1397;wood
1465;wheat
1397;wood
1465;wheat
1397;wood
1465;wheat
1397;wood
1465;wheat
1397;wood
1465;wheat
1397;wood
1465;wheat
1397;wood
1465;wheat
1397;wood
1465;wheat
1397;wood
1465;wheat
1397;wood
1465;wheat
1397;wood
1465;wheat
1397;wood
1465;wheat
1397;wood
1465;wheat
1397;wood
1465;wheat
1397;wood
1465;wheat
1397;wood
1465;wheat
1397;wood
1465;wheat
1397;wood
1465;wheat
1469;flag
1469;flag
1469;flag
1469;flag
1469;flag
1469;flag
1469;flag
1198;merchantB
2704;110
1469;flag
1469;flag
1469;flag
1469;flag
1469;flag
1469;flag
1469;flag
200;womanMerchant
200;womanMerchant
200;womanMerchant
200;womanMerchant
200;womanMerchant
200;womanMerchant
200;womanMerchant
227;craftsman
227;craftsman
227;craftsman
227;craftsman
227;craftsman
227;craftsman
227;craftsman
253;blacksmith
253;blacksmith
253;blacksmith
253;blacksmith
253;blacksmith
253;blacksmith
253;blacksmith
1469;flag
1469;flag
1469;flag
1469;flag
1469;flag
1469;flag
1469;flag
1469;flag
1469;flag
1469;flag
1469;flag
1469;flag
1469;flag
1469;flag
1469;flag
1469;flag
1469;flag
1469;flag
1469;flag
1469;flag
1469;flag
1469;flag
1469;flag
1469;flag
1469;flag
1469;flag
1469;flag
1469;flag
